<?xml version="1.0" encoding="UTF-8"?>
<!DOCTYPE suite SYSTEM "http://testng.org/testng-1.0.dtd">
<suite name="Failed suite [Suite]" parallel="tests">
  <test name="Test(failed)" parallel="tests" preserve-order="false">
    <classes>
      <class name="testCases.front.FrontLogin58">
        <methods>
          <include name="beforeClass"/>
          <include name="afterClass"/>
        </methods>
      </class>
      <class name="testCases.back.BackNewMagazine28">
        <methods>
          <include name="afterClass"/>
          <include name="beforeClass"/>
          <include name="newMagazineFunction"/>
        </methods>
      </class>
    </classes>
  </test>
</suite>
